v1	Desarrollador o inmobiliaria: ese prospecto que te escribió a las once de la noche… ya apartó con otro.
v2	Y sin anuncios activos, ni te escriben… y tus unidades no se mueven.
v3	Haz la cuenta. Por ejemplo: si se te van dos ventas al mes de tres millones, son seis millones que dejas de facturar.
v4	Si eres inmobiliaria, a cinco por ciento de comisión, son trescientos mil pesos al mes.
v5	El problema no es tu producto: es que no tienes un sistema.
v6	Primero: anuncios en Meta pensados para atraer compradores, no curiosos.
v7	Luego, un agente de inteligencia artificial contesta en segundos, a cualquier hora, y lo califica.
v8	Y agenda la visita en tu C R M, con seguimiento automático.
v9	¿Funciona? Pregúntale a Gús Márcos.
GUS	(clip de Gus Marcos 7.0–11.95 s)
v10	Si tu desarrollo tiene más de veinte unidades, o tu inmobiliaria más de cinco asesores, comenta sistema, y te mandamos un diagnóstico gratis de tu embudo.
